id,output,visibility
12048,0-8-3,private
12049,0-8-4,private
12050,0-5-0,private
12051,0-4-3,public
12052,0-8-3,private
12053,0-8-0,private
12054,1-3-3,private
12055,0-0-3,private
12056,0-0-0,private
12057,1-1-2,public
12058,1-5-0,public
12059,1-7-0,public
12060,0-4-3,private
12061,1-3-4,private
12062,0-8-0,private
12063,0-8-0,private
12064,1-8-1,public
12065,0-8-3,private
12066,1-8-0,private
12067,1-8-4,private
12068,1-5-2,public
12069,0-3-3,public
12070,1-3-3,private
12071,0-7-2,private
12072,1-5-2,private
12073,1-7-3,public
12074,0-3-3,public
12075,0-7-1,private
12076,0-5-0,private
12077,1-3-0,public
12078,1-6-3,private
12079,0-9-0,public
12080,1-1-1,private
12081,1-5-0,public
12082,1-5-1,public
12083,0-7-4,public
12084,0-9-1,public
12085,1-7-2,private
12086,0-8-0,public
12087,0-5-0,private
12088,0-6-4,public
12089,1-7-1,private
12090,0-5-1,private
12091,0-8-0,private
12092,1-3-0,private
12093,1-1-3,private
12094,0-5-2,private
12095,0-8-1,private
12096,1-5-0,private
12097,1-1-3,private
12098,0-3-3,private
12099,0-2-1,private
12100,0-7-0,public
12101,1-7-3,private
12102,1-9-0,private
12103,0-9-0,private
12104,1-7-4,public
12105,0-5-4,private
12106,0-4-2,private
12107,0-7-0,private
12108,0-5-0,public
12109,1-1-3,public
12110,0-5-4,private
12111,0-4-2,private
12112,0-8-3,private
12113,1-7-3,public
12114,1-7-1,private
12115,1-7-1,private
12116,1-7-4,public
12117,0-7-0,private
12118,0-8-3,public
12119,1-4-3,private
12120,0-5-0,private
12121,1-7-3,private
12122,1-8-4,private
12123,0-8-4,private
12124,0-8-4,private
12125,0-7-4,private
12126,0-2-4,private
12127,1-5-1,private
12128,1-8-4,private
12129,1-9-3,private
12130,0-8-1,private
12131,0-8-4,public
12132,1-8-2,private
12133,1-8-2,private
12134,0-8-4,private
12135,1-8-2,private
12136,1-8-2,private
12137,1-8-2,private
12138,1-3-2,private
12139,1-5-3,private
12140,0-7-2,private
12141,1-3-0,public
12142,0-3-2,private
12143,0-3-0,public
12144,1-3-3,private
12145,0-5-0,private
12146,1-3-0,private
12147,1-8-3,public
12148,0-5-1,private
12149,0-3-2,private
12150,0-3-0,private
12151,0-3-0,private
12152,1-7-0,private
12153,0-3-0,private
12154,0-7-3,public
12155,1-6-3,public
12156,1-5-0,public
12157,0-6-3,public
12158,1-9-0,private
12159,0-3-1,private
12160,1-8-4,private
12161,1-3-4,private
12162,1-3-2,public
12163,0-4-4,private
12164,0-8-0,public
12165,0-7-2,public
12166,1-3-0,private
12167,0-8-4,private
12168,1-5-4,public
12169,1-5-4,private
12170,0-9-1,private
12171,1-4-4,public
12172,1-5-1,private
12173,0-6-1,public
12174,0-6-4,private
12175,1-6-2,private
12176,1-9-1,private
12177,0-5-4,private
12178,1-7-2,public
12179,1-8-2,public
12180,1-7-2,private
12181,1-4-2,public
12182,0-5-1,public
12183,1-3-0,public
12184,1-3-2,public
12185,0-8-4,private
12186,0-7-4,private
12187,1-7-1,private
12188,0-5-3,private
12189,1-7-4,private
12190,1-8-2,private
12191,1-8-0,private
12192,0-8-3,private
12193,1-5-0,private
12194,0-3-3,private
12195,0-7-3,public
12196,0-7-0,private
12197,0-9-2,private
12198,1-8-0,private
12199,0-8-2,private
12200,1-8-1,public
12201,1-8-3,private
12202,0-8-1,public
12203,0-8-2,private
12204,1-8-4,private
12205,0-8-3,private
12206,1-8-4,public
12207,0-8-2,private
12208,1-8-2,private
12209,1-8-2,public
12210,0-8-3,private
12211,1-8-2,public
12212,1-8-2,private
12213,1-8-1,private
12214,1-8-0,public
12215,1-8-3,private
12216,0-8-0,private
12217,1-8-1,private
12218,1-8-1,public
12219,0-8-4,private
12220,0-8-1,private
12221,0-8-4,private
12222,1-8-1,public
12223,1-8-3,private
12224,1-8-1,public
12225,0-8-2,public
12226,1-8-4,public
12227,1-8-0,private
12228,1-8-4,private
12229,0-8-0,private
12230,1-8-2,private
12231,1-8-3,public
12232,0-8-3,public
12233,0-8-2,public
12234,1-8-4,private
12235,1-8-3,private
12236,1-8-3,private
12237,1-8-1,private
12238,1-8-4,public
12239,0-8-1,public
12240,0-8-2,private
12241,0-8-3,private
12242,0-8-0,private
12243,1-8-3,private
12244,0-9-0,private
12245,1-8-3,private
12246,1-8-3,private
12247,0-8-4,private
12248,1-8-1,private
12249,0-9-4,public
12250,1-9-4,private
12251,1-9-0,private
12252,0-9-3,private
12253,0-8-0,public
12254,0-8-3,private
12255,1-8-1,private
12256,1-8-3,private
12257,0-8-0,public
12258,1-8-1,private
12259,1-8-1,private
12260,0-8-4,private
12261,1-8-4,private
12262,1-8-1,private
12263,1-8-4,private
12264,0-8-3,public
12265,0-8-3,private
12266,1-8-0,public
12267,1-8-3,public
12268,1-8-1,public
12269,1-8-2,public
12270,1-8-4,private
12271,1-8-4,public
12272,1-8-4,private
12273,1-8-4,public
12274,0-8-4,private
12275,0-3-2,public
12276,0-8-2,private
12277,1-8-3,public
12278,0-8-4,private
12279,1-8-1,private
12280,1-8-1,private
12281,0-8-2,public
12282,0-8-2,private
12283,1-3-4,private
12284,0-5-0,public
12285,0-5-0,private
12286,0-8-4,private
12287,1-3-4,private
12288,0-3-3,private
12289,1-0-4,private
12290,0-4-1,private
12291,0-8-2,private
12292,0-7-4,private
12293,1-3-0,public
12294,1-3-2,public
12295,1-4-2,private
12296,0-3-0,public
12297,0-1-1,private
12298,1-4-3,public
12299,1-8-4,private
12300,0-3-1,private
12301,0-2-4,private
12302,1-6-2,private
12303,0-7-4,private
12304,1-5-2,public
12305,1-8-3,private
12306,1-7-0,private
12307,0-1-1,private
12308,1-8-4,private
12309,1-0-4,private
12310,0-5-1,public
12311,1-2-4,private
12312,1-6-0,private
12313,0-6-1,private
12314,1-4-0,private
12315,0-7-2,private
12316,0-7-2,private
12317,1-5-2,public
12318,1-4-0,private
12319,1-8-1,private
12320,0-4-1,public
12321,1-5-0,private
12322,1-7-1,private
12323,0-7-4,public
12324,1-8-3,private
12325,1-7-3,private
12326,1-7-0,private
12327,1-7-3,public
12328,0-8-1,public
12329,0-7-1,private
12330,1-8-4,private
12331,0-8-2,private
12332,0-8-2,private
12333,0-8-2,private
12334,0-7-4,private
12335,1-8-2,private
12336,1-3-4,private
12337,1-7-2,private
12338,1-3-4,public
12339,1-8-0,private
12340,0-8-2,private
12341,1-8-4,public
12342,1-8-3,private
12343,1-5-1,public
12344,1-6-4,private
12345,0-9-1,private
12346,1-3-4,private
12347,1-3-2,private
12348,1-8-0,public
12349,1-7-2,public
12350,0-3-0,private
12351,0-3-0,public
12352,0-3-0,public
12353,1-5-4,private
12354,0-9-4,private
12355,0-7-4,public
12356,1-7-0,private
12357,0-9-0,public
12358,1-5-0,private
12359,1-5-1,private
12360,0-5-4,private
12361,0-5-0,private
12362,0-4-3,public
12363,0-7-1,public
12364,1-7-4,private
12365,1-3-4,private
12366,1-3-2,private
12367,0-3-4,private
12368,1-7-1,private
12369,0-8-0,private
12370,0-5-3,private
12371,0-7-1,private
12372,1-5-1,public
12373,0-9-1,private
12374,1-7-3,private
12375,1-6-2,private
12376,1-9-3,private
12377,1-9-3,public
12378,1-9-1,private
12379,0-9-1,private
12380,0-9-4,public
12381,0-5-3,private
12382,0-7-4,public
12383,0-4-1,private
12384,1-4-2,private
12385,1-7-1,private
12386,0-7-4,public
12387,0-7-4,private
12388,1-8-4,private
12389,0-5-1,private
12390,1-4-2,private
12391,1-8-3,private
12392,1-8-3,public
12393,1-8-0,public
12394,1-7-0,private
12395,1-7-0,public
12396,1-8-0,public
12397,0-8-0,private
12398,1-5-0,private
12399,1-8-1,private
12400,1-8-1,private
12401,1-8-4,public
12402,1-8-2,private
12403,0-8-4,public
12404,1-8-2,public
12405,1-8-3,private
12406,1-8-0,private
12407,1-8-0,private
12408,0-8-4,private
12409,0-8-1,public
12410,0-8-0,public
12411,1-9-0,public
12412,1-8-0,public
12413,1-8-4,public
12414,1-8-4,public
12415,0-8-4,private
12416,0-8-1,public
12417,0-8-0,private
12418,1-8-2,private
12419,0-8-3,private
12420,0-8-0,public
12421,0-8-4,private
12422,0-8-1,private
12423,1-8-4,private
12424,1-8-4,private
12425,0-8-1,private
12426,0-8-0,private
12427,0-8-0,public
12428,0-8-1,private
12429,0-8-2,public
12430,1-8-2,public
12431,1-8-2,private
12432,1-8-4,public
12433,1-9-3,public
12434,1-9-3,private
12435,1-9-1,private
12436,0-9-1,private
12437,0-8-1,public
12438,0-8-4,private
12439,1-8-2,public
12440,1-8-4,private
12441,0-8-4,public
12442,0-8-1,public
12443,0-8-4,private
12444,1-8-2,private
12445,0-8-1,private
12446,1-8-2,public
12447,0-8-1,private
12448,0-8-4,public
12449,1-8-4,private
12450,1-8-4,private
12451,1-8-0,public
12452,1-8-0,private
12453,1-8-0,private
12454,0-8-3,public
12455,1-8-0,private
12456,0-6-4,private
12457,0-3-4,public
12458,0-4-4,public
12459,0-5-1,private
12460,0-8-0,private
12461,0-5-3,private
12462,1-5-3,private
12463,1-7-2,private
12464,0-7-3,private
12465,0-5-3,private
12466,0-3-3,private
12467,1-3-0,private
12468,1-3-3,public
12469,1-5-2,private
12470,1-8-1,private
12471,1-7-3,private
12472,1-5-3,private
12473,1-4-1,private
12474,0-7-2,private
12475,1-5-0,public
12476,1-5-2,private
12477,1-7-3,private
12478,0-5-1,private
12479,0-4-1,public
12480,1-7-2,private
12481,1-6-3,private
12482,1-7-1,private
12483,1-9-2,private
12484,1-5-0,private
12485,1-7-1,private
12486,0-3-4,private
12487,0-3-4,private
12488,0-7-0,public
12489,1-5-0,public
12490,1-4-3,public
12491,0-8-4,public
12492,0-4-1,private
12493,0-7-3,private
12494,1-8-2,private
12495,0-3-2,public
12496,0-3-4,public
12497,1-7-1,public
12498,1-7-1,private
12499,1-7-3,private
12500,0-5-1,public
12501,0-7-1,public
12502,0-8-0,public
12503,0-8-0,private
12504,0-7-2,private
12505,0-8-2,public
12506,1-8-0,private
12507,1-7-0,public
12508,1-7-4,public
12509,1-6-3,private
12510,1-4-3,private
12511,1-5-0,private
12512,1-4-3,private
12513,0-3-1,public
12514,0-1-2,public
12515,1-4-4,private
12516,1-8-0,private
12517,0-2-0,private
12518,1-5-1,private
12519,1-5-0,private
12520,1-5-3,private
12521,1-7-1,public
12522,0-8-4,public
12523,1-6-4,private
12524,0-7-3,public
12525,0-6-2,private
12526,0-9-1,private
12527,1-9-0,public
12528,0-9-0,private
12529,0-9-3,private
12530,0-9-1,public
12531,1-9-1,private
12532,1-9-4,private
12533,1-7-4,public
12534,1-5-4,public
12535,0-7-3,private
12536,1-5-3,public
12537,1-4-1,private
12538,1-7-4,private
12539,0-8-2,private
12540,0-4-2,private
12541,1-4-4,public
12542,0-8-0,private
12543,0-3-2,public
12544,0-7-1,public
12545,1-8-4,public
12546,0-7-1,private
12547,1-7-4,private
12548,1-5-4,public
12549,0-4-2,private
12550,0-8-3,public
12551,0-7-2,public
12552,0-5-2,private
12553,0-7-0,private
12554,0-5-0,public
12555,1-7-0,public
12556,1-6-4,private
12557,1-7-2,public
12558,1-5-2,public
12559,0-7-0,private
12560,0-5-3,private
12561,1-5-0,private
12562,1-8-1,private
12563,1-5-3,public
12564,0-7-1,private
12565,0-7-1,private
12566,1-7-2,private
12567,0-5-0,private
12568,0-5-2,public
12569,0-7-0,public
12570,0-5-0,private
12571,0-5-2,private
12572,0-7-3,private
12573,1-8-1,private
12574,1-5-3,private
12575,1-7-0,private
12576,0-6-3,public
12577,0-6-3,private
12578,1-9-1,private
12579,1-9-0,private
12580,1-9-0,public
12581,1-5-0,public
12582,1-5-4,private
12583,1-5-2,private
12584,1-5-0,public
12585,0-8-3,private
12586,0-5-3,private
12587,0-5-3,public
12588,1-5-0,private
12589,0-5-3,private
12590,0-8-0,private
12591,0-7-2,private
12592,0-7-2,private
12593,1-5-4,private
12594,1-8-0,private
12595,0-7-0,private
12596,0-5-0,public
12597,0-7-3,private
12598,0-8-4,private
12599,0-8-4,private
12600,0-8-4,public
12601,0-7-1,public
12602,1-8-4,public
12603,0-8-1,public
12604,1-8-4,public
12605,1-5-1,private
12606,1-7-4,public
12607,0-3-3,public
12608,1-8-1,private
12609,1-3-3,private
12610,1-7-1,private
12611,0-6-4,private
12612,0-5-4,private
12613,0-8-0,public
12614,0-5-2,private
12615,0-7-2,public
12616,0-8-1,public
12617,0-3-1,private
12618,0-6-2,public
12619,1-6-3,public
12620,1-9-4,private
12621,1-9-4,private
12622,1-9-2,private
12623,0-9-0,private
12624,0-3-0,public
12625,1-7-4,private
12626,0-5-4,private
12627,1-3-3,private
12628,1-4-3,private
12629,0-4-0,public
12630,0-5-3,private
12631,0-7-0,private
12632,1-5-0,private
12633,1-5-0,private
12634,1-7-0,private
12635,1-4-0,public
12636,0-8-1,private
12637,1-8-4,public
12638,1-8-1,private
12639,1-8-4,private
12640,1-5-1,private
12641,1-5-1,private
12642,0-3-1,private
12643,0-5-0,public
12644,1-7-1,private
12645,0-7-3,private
12646,0-1-2,private
12647,0-3-4,private
12648,1-9-0,public
12649,0-6-0,public
12650,0-6-3,private
12651,1-7-4,private
12652,1-6-4,private
12653,1-9-0,private
12654,1-9-3,public
12655,0-9-2,private
12656,1-9-3,private
12657,0-9-1,public
12658,0-1-1,private
12659,1-7-0,private
12660,0-5-0,private
12661,1-1-4,private
12662,1-7-0,private
12663,0-8-4,private
12664,0-7-1,private
12665,1-4-1,private
12666,1-7-4,private
12667,1-7-3,private
12668,0-8-2,private
12669,0-8-1,private
12670,1-5-1,public
12671,0-7-1,private
12672,1-7-2,private
12673,0-8-0,private
12674,0-2-0,private
12675,1-5-0,public
12676,1-7-3,private
12677,0-7-1,private
12678,1-9-4,public
12679,0-6-2,private
12680,0-6-0,private
12681,0-7-0,private
12682,1-8-3,private
12683,1-9-4,public
12684,1-9-4,private
12685,0-5-0,public
12686,0-5-4,public
12687,1-5-3,private
12688,0-7-0,public
12689,1-8-3,private
12690,1-5-3,private
12691,1-7-2,public
12692,0-5-2,public
12693,0-5-4,private
12694,0-5-2,public
12695,0-8-3,public
12696,1-8-4,private
12697,1-8-4,private
12698,1-8-1,private
12699,0-7-3,private
12700,0-8-4,private
12701,0-5-4,private
12702,1-5-3,private
12703,1-7-1,private
12704,0-5-1,public
12705,1-6-3,public
12706,1-7-1,private
12707,1-6-1,private
12708,0-6-4,public
12709,0-9-0,private
12710,1-4-3,private
12711,0-4-4,private
12712,1-8-2,public
12713,1-5-4,public
12714,0-2-2,private
12715,0-7-0,private
12716,1-7-3,public
12717,1-5-0,private
12718,0-5-1,public
12719,0-5-3,private
12720,0-7-1,private
12721,0-5-1,private
12722,1-7-1,private
12723,1-8-2,public
12724,0-8-2,public
12725,0-7-2,private
12726,0-5-2,private
12727,1-3-2,private
12728,1-3-2,private
12729,0-9-3,private
12730,0-7-3,private
12731,1-7-2,private
12732,1-8-1,private
12733,0-7-1,private
12734,0-6-2,public
12735,0-8-1,private
12736,1-8-2,public
12737,0-7-2,public
12738,0-6-2,private
12739,0-6-2,private
12740,0-6-4,private
12741,0-9-3,private
12742,1-9-0,private
12743,0-9-3,private
12744,0-9-3,public
12745,0-9-1,private
12746,1-9-0,private
12747,1-9-0,public
12748,0-9-2,private
12749,1-9-2,public
12750,1-9-0,private
12751,0-9-0,public
12752,0-9-2,public
12753,0-9-4,private
12754,0-9-1,private
12755,1-9-3,private
12756,0-9-3,private
12757,1-9-4,private
12758,0-9-1,private
12759,1-9-1,private
12760,1-9-4,private
12761,1-9-1,private
12762,1-7-2,private
12763,0-4-0,public
12764,1-4-1,private
12765,1-7-0,public
12766,1-1-4,private
12767,1-8-3,private
12768,0-5-0,private
12769,1-5-0,public
12770,1-7-3,public
12771,0-7-3,public
12772,1-8-2,private
12773,1-8-4,public
12774,1-8-2,private
12775,1-7-4,private
12776,0-7-1,private
12777,0-8-2,private
12778,0-4-3,private
12779,1-8-4,private
12780,1-4-4,private
12781,1-8-3,private
12782,1-7-0,public
12783,1-7-0,private
12784,0-7-3,public
12785,1-8-1,private
12786,1-4-1,public
12787,1-8-4,private
12788,1-8-2,private
12789,1-7-4,private
12790,1-7-4,public
12791,0-8-2,private
12792,0-4-2,private
12793,0-4-4,private
12794,1-7-0,private
12795,1-8-1,public
12796,1-7-3,public
12797,0-8-1,public
12798,0-7-1,private
12799,1-8-1,private
12800,1-5-3,private
12801,1-4-4,public
12802,0-8-2,private
12803,1-8-0,private
12804,1-7-2,public
12805,0-7-4,private
12806,1-7-4,public
12807,1-7-2,private
12808,0-8-2,public
12809,0-8-0,public
12810,1-7-2,private
12811,0-8-0,private
12812,0-7-0,private
12813,1-7-0,private
12814,1-7-0,private
12815,0-7-3,private
12816,0-7-3,private
12817,1-8-1,private
12818,1-8-1,private
12819,0-8-4,private
12820,1-8-4,private
12821,1-8-4,public
12822,1-7-4,private
12823,1-7-1,public
12824,1-7-4,public
12825,1-7-4,private
12826,1-7-4,private
12827,0-5-0,private
12828,1-8-1,public
12829,0-8-4,private
12830,0-8-1,private
12831,1-7-1,private
12832,0-7-4,private
12833,1-8-2,private
12834,0-7-1,public
12835,1-7-4,public
12836,1-5-4,public
12837,1-5-4,private
12838,0-7-2,private
12839,1-8-0,public
12840,0-8-0,private
12841,0-8-3,private
12842,1-8-2,private
12843,0-7-0,private
12844,0-7-2,public
12845,0-7-2,public
12846,0-8-2,private
12847,1-8-3,private
12848,0-5-0,private
12849,0-5-0,private
12850,1-3-0,private
12851,0-5-2,public
12852,0-7-0,private
12853,1-7-3,private
12854,1-7-0,public
12855,1-8-3,private
12856,1-8-3,private
12857,0-7-2,private
12858,0-7-4,private
12859,0-5-1,public
12860,0-5-0,public
12861,1-5-2,private
12862,1-5-1,private
12863,1-7-0,private
12864,0-9-3,private
12865,0-8-2,private
12866,1-7-3,public
12867,0-8-3,private
12868,1-8-1,private
12869,0-8-1,private
12870,1-7-1,public
12871,1-8-4,private
12872,0-8-0,private
12873,1-6-1,private
12874,1-3-0,private
12875,1-8-3,private
12876,1-7-0,private
12877,0-9-0,private
12878,0-7-0,public
12879,1-8-4,private
12880,0-7-3,public
12881,0-8-4,private
12882,1-8-4,private
12883,0-3-3,private
12884,1-7-0,private
12885,0-7-4,private
12886,0-1-2,private
12887,1-5-0,private
12888,1-8-4,private
12889,1-5-1,private
12890,0-4-0,public
12891,1-8-2,private
12892,0-6-1,public
12893,1-7-2,public
12894,0-5-0,private
12895,0-8-4,private
12896,1-4-1,private
12897,1-4-2,private
12898,0-8-3,private
12899,0-4-0,public
12900,1-8-4,public
12901,0-7-1,private
12902,0-9-0,private
12903,1-6-2,public
12904,1-8-2,private
12905,0-8-3,private
12906,1-5-3,public
12907,0-7-0,private
12908,0-9-1,private
12909,1-8-4,private
12910,1-3-0,private
12911,1-7-0,private
12912,1-9-3,public
12913,0-9-4,private
12914,0-7-2,private
12915,0-5-2,public
12916,1-5-1,private
12917,0-9-4,private
12918,1-5-1,private
12919,1-8-0,private
12920,0-8-4,public
12921,1-9-1,private
12922,0-9-2,private
12923,0-6-0,private
12924,0-5-2,public
12925,0-7-3,private
12926,0-9-3,private
12927,0-5-3,private
12928,0-5-2,private
12929,1-7-1,private
12930,1-8-2,private
12931,1-8-2,public
12932,1-8-4,private
12933,1-7-1,public
12934,1-7-1,private
12935,1-7-4,public
12936,1-7-0,private
12937,0-5-1,private
12938,0-9-3,public
12939,0-8-4,private
12940,1-5-4,private
12941,1-7-4,private
12942,0-5-2,public
12943,0-8-0,public
12944,0-8-4,private
12945,1-8-1,private
12946,1-5-3,public
12947,0-4-3,private
12948,0-3-0,private
12949,0-5-2,private
12950,0-8-0,private
12951,0-9-4,private
12952,0-8-1,private
12953,1-8-2,private
12954,0-5-2,private
12955,1-3-0,public
12956,0-8-0,private
12957,1-5-4,private
12958,1-8-4,public
12959,0-5-3,private
12960,1-9-1,private
12961,1-3-2,public
12962,1-5-4,private
12963,0-8-4,private
12964,0-8-4,private
12965,1-5-0,private
12966,1-8-2,private
12967,1-8-0,private
12968,0-8-0,private
12969,0-7-4,private
12970,0-5-4,public
12971,1-5-1,public
12972,1-6-2,private
12973,0-8-0,public
12974,1-9-3,public
12975,0-7-0,private
12976,1-8-0,private
12977,0-5-3,private
12978,1-8-4,private
12979,1-8-4,public
12980,0-9-4,private
12981,1-3-1,private
12982,1-7-2,private
12983,1-3-0,private
12984,0-6-1,private
12985,0-8-0,private
12986,0-8-2,private
12987,0-8-0,private
12988,1-6-2,private
12989,1-5-4,private
12990,1-9-1,public
12991,0-5-0,public
12992,0-5-0,private
12993,1-9-2,private
12994,0-8-4,private
12995,1-3-1,public
12996,1-4-4,private
12997,0-6-2,public
12998,1-7-1,private
12999,1-7-2,private
13000,1-5-0,private
13001,0-8-3,private
13002,1-8-2,private
13003,1-9-3,public
13004,1-7-0,private
13005,0-9-4,private
13006,0-8-1,private
13007,1-7-4,private
13008,1-8-4,public
13009,0-8-4,public
13010,0-7-3,private
13011,1-9-1,private
13012,0-7-0,private
13013,0-8-1,private
13014,0-9-1,public
13015,1-5-4,private
13016,0-8-0,private
13017,0-8-0,private
13018,1-8-0,private
13019,0-5-1,public
13020,1-7-2,private
13021,0-8-4,public
13022,1-9-3,private
13023,0-8-3,private
13024,1-4-2,private
13025,1-8-4,private
13026,1-8-3,private
13027,1-6-2,private
13028,0-9-4,public
13029,0-4-1,private
13030,1-7-0,private
13031,0-9-3,private
13032,1-7-3,public
13033,1-8-1,public
13034,1-8-2,private
13035,0-8-2,private
13036,0-8-1,public
13037,1-8-3,private
13038,1-9-2,private
13039,0-9-3,public
13040,1-9-0,private
13041,1-8-4,private
13042,0-8-4,public
13043,0-6-0,public
13044,1-9-0,public
13045,1-8-0,public
13046,1-8-4,private
13047,0-9-3,private
13048,0-3-4,private
13049,0-8-0,public
13050,1-7-1,private
13051,0-9-2,private
13052,0-8-1,public
13053,1-8-2,public
13054,0-8-1,private
13055,0-9-3,public
13056,1-3-0,public
13057,0-9-0,private
13058,1-4-2,private
13059,0-5-1,public
13060,1-8-0,private
13061,0-8-3,public
13062,0-8-1,private
13063,1-8-0,private
13064,0-8-1,private
13065,0-8-0,private
13066,0-5-3,private
13067,0-8-0,public
13068,0-8-2,private
13069,1-9-4,public
13070,0-7-3,public
13071,1-8-2,private
13072,1-6-0,private
13073,1-3-4,public
13074,1-8-0,public
13075,1-7-2,private
13076,0-7-0,private
13077,0-6-3,private
13078,1-9-2,public
13079,0-8-0,private
13080,1-7-2,private
13081,0-5-4,private
13082,0-5-1,private
13083,1-3-2,private
13084,1-9-2,public
13085,0-6-0,public
13086,1-7-2,private
13087,0-8-4,public
13088,0-8-1,public
13089,0-8-4,private
13090,0-3-1,private
13091,1-3-3,public
13092,0-8-2,private
13093,1-4-3,public
13094,0-9-0,private
13095,0-5-4,private
13096,0-8-1,private
13097,1-9-2,public
13098,0-8-4,private
13099,1-8-0,private
13100,1-8-2,private
13101,0-3-0,private
13102,1-1-0,private
13103,0-8-4,private
13104,1-7-1,public
13105,0-8-2,private
13106,1-7-3,private
13107,1-9-0,private
13108,0-5-3,private
13109,1-8-1,private
13110,0-7-1,public
13111,1-8-3,private
13112,0-6-1,public
13113,1-8-0,private
13114,0-9-0,public
13115,1-8-4,private
13116,0-8-2,public
13117,1-7-2,private
13118,1-8-2,public
13119,1-8-0,public
13120,1-7-2,private
13121,0-7-3,private
13122,1-8-1,private
13123,0-4-4,private
13124,1-6-1,public
13125,1-8-0,private
13126,1-7-2,public
13127,0-9-1,private
13128,0-8-2,public
13129,1-8-2,private
13130,1-8-0,private
13131,0-8-1,private
13132,1-8-2,private
13133,1-7-4,private
13134,0-8-3,private
13135,0-5-1,private
13136,1-9-2,private
13137,1-9-0,private
13138,0-5-4,private
13139,0-8-2,public
13140,1-8-2,private
13141,1-8-4,private
13142,0-8-1,private
13143,1-4-0,private
13144,0-5-4,private
13145,0-8-2,private
13146,0-7-0,private
13147,1-5-3,private
13148,1-5-0,private
13149,0-8-4,private
13150,1-8-4,private
13151,0-5-1,private
13152,1-5-2,private
13153,0-8-0,private
13154,1-8-3,private
13155,1-7-3,private
13156,0-3-2,private
13157,0-3-2,private
13158,0-9-1,public
13159,0-8-1,private
13160,1-9-0,private
13161,1-7-1,private
13162,1-3-3,private
13163,1-7-0,public
13164,0-7-2,public
13165,0-8-0,public
13166,1-5-4,private
13167,1-9-0,public
13168,1-8-3,public
13169,1-8-0,public
13170,0-5-1,public
13171,1-9-4,private
13172,0-6-4,public
13173,0-7-0,public
13174,0-7-4,private
13175,1-8-2,private
13176,0-7-1,public
13177,0-7-2,private
13178,0-8-0,private
13179,1-8-4,private
13180,1-8-0,private
13181,1-8-4,private
13182,1-8-3,private
13183,1-8-4,private
13184,1-6-0,public
13185,0-7-2,private
13186,0-7-0,private
13187,1-7-1,public
13188,0-8-2,private
13189,1-7-1,private
13190,1-8-0,private
13191,1-8-2,private
13192,1-3-4,private
13193,0-5-0,public
13194,1-3-0,private
13195,1-5-0,private
13196,0-8-1,public
13197,1-7-2,private
13198,0-9-3,private
13199,1-3-4,private
13200,0-8-0,private
13201,0-8-3,public
13202,0-4-2,private
13203,0-8-0,private
13204,1-5-4,private
13205,1-8-0,public
13206,0-9-4,public
13207,0-7-0,private
13208,1-9-0,private
13209,1-5-1,public
13210,1-3-0,public
13211,1-2-0,private
13212,1-8-2,public
13213,0-8-1,private
13214,0-8-1,private
13215,1-7-0,private
13216,1-5-2,private
13217,1-9-2,private
13218,1-8-1,private
13219,0-5-3,private
13220,0-8-1,private
13221,1-8-4,private
13222,1-8-4,private
13223,0-5-0,private
13224,1-5-2,private
13225,1-5-2,public
13226,0-8-2,private
13227,1-8-0,private
13228,1-9-1,private
13229,0-7-3,public
13230,1-5-0,private
13231,1-8-3,public
13232,0-8-4,private
13233,0-8-4,private
13234,1-7-1,private
13235,1-4-3,private
13236,0-8-2,public
13237,1-8-2,private
13238,1-8-3,public
13239,1-3-4,public
13240,0-8-2,private
13241,1-8-0,private
13242,1-7-0,private
13243,1-8-3,public
13244,0-7-3,public
13245,0-8-3,private
13246,0-5-0,private
13247,1-8-1,private
13248,0-8-1,public
13249,1-8-4,public
13250,0-8-3,public
13251,0-7-3,private
13252,1-6-4,private
13253,1-8-0,private
13254,1-8-4,public
13255,1-8-3,public
13256,0-7-3,public
13257,0-8-0,private
13258,1-8-3,private
13259,0-9-3,private
13260,0-9-1,private
13261,0-8-1,private
13262,0-4-4,private
13263,0-8-1,public
13264,1-8-3,private
13265,0-8-1,private
13266,1-8-2,private
13267,1-5-0,private
13268,0-5-1,private
13269,1-7-0,public
13270,1-9-1,private
13271,1-8-2,private
13272,0-9-4,private
13273,0-3-2,private
13274,1-5-3,private
13275,0-9-1,public
13276,1-7-4,private
13277,1-9-3,public
13278,1-8-0,public
13279,1-3-1,private
13280,0-3-1,private
13281,0-8-0,private
13282,0-9-0,private
13283,0-9-1,private
13284,0-8-4,public
13285,0-5-2,private
13286,1-8-3,private
13287,0-7-2,private
13288,0-8-2,public
13289,0-7-3,private
13290,1-9-2,private
13291,1-8-4,private
13292,1-8-0,private
13293,1-8-3,private
13294,0-7-2,private
13295,1-8-3,public
13296,0-8-4,private
13297,1-7-3,private
13298,0-8-1,private
13299,1-8-1,public
13300,1-5-4,private
13301,0-5-0,private
13302,0-7-0,private
13303,1-5-0,public
13304,1-8-1,private
13305,1-8-0,public
13306,1-7-0,private
13307,0-4-1,public
13308,0-8-2,private
13309,0-7-3,public
13310,1-8-4,public
13311,0-9-2,private
13312,1-5-2,public
13313,0-8-2,public
13314,0-3-1,private
13315,1-9-1,private
13316,0-5-3,private
13317,1-7-0,private
13318,0-8-2,private
13319,1-7-2,private
13320,0-8-3,private
13321,1-9-4,private
13322,1-8-0,private
13323,1-8-0,private
13324,0-8-3,public
13325,1-7-3,public
13326,1-8-3,private
13327,1-6-3,public
13328,0-8-2,private
13329,1-7-2,private
13330,1-9-1,public
13331,0-7-0,private
13332,0-7-2,private
13333,0-5-2,private
13334,0-9-1,public
13335,0-7-0,public
13336,1-7-1,public
13337,1-6-3,private
13338,0-5-1,public
13339,0-8-2,public
13340,1-7-1,public
13341,1-5-3,private
13342,0-7-0,private
13343,1-8-4,public
13344,1-7-4,private
13345,0-5-1,private
13346,0-7-1,private
13347,0-3-2,private
13348,0-8-3,private
13349,0-9-1,private
13350,1-9-2,private
13351,0-7-3,private
13352,0-8-0,private
13353,1-8-3,public
13354,1-8-0,private
13355,1-5-1,public
13356,1-8-1,private
13357,0-8-3,private
13358,0-8-2,private
13359,1-8-3,public
13360,1-6-3,private
13361,0-8-4,public
13362,0-7-2,private
13363,1-8-1,private
13364,0-8-0,private
13365,0-5-0,public
13366,0-5-4,public
13367,0-8-3,private
13368,0-4-2,private
13369,0-8-2,private
13370,1-8-4,private
13371,1-9-0,private
13372,0-8-0,private
13373,0-8-3,private
13374,1-7-3,private
13375,0-8-4,private
13376,1-8-2,private
13377,0-5-2,public
13378,1-6-3,public
13379,0-8-2,public
13380,1-8-3,public
13381,0-7-3,private
13382,0-5-1,private
13383,0-5-0,private
13384,1-8-0,private
13385,1-9-0,public
13386,0-7-2,private
13387,0-9-3,private
13388,0-5-2,public
13389,0-9-1,public
13390,0-8-3,private
13391,1-6-1,public
13392,0-9-3,public
13393,1-9-0,private
13394,0-7-1,private
13395,0-8-0,private
13396,0-7-3,private
13397,0-8-0,private
13398,0-8-3,private
13399,0-7-2,public
13400,0-8-4,private
13401,0-4-1,public
13402,1-8-2,private
13403,1-8-2,private
13404,0-8-0,public
13405,0-9-3,private
13406,1-9-4,private
13407,0-7-2,private
13408,1-8-3,private
13409,0-9-2,private
13410,1-7-4,public
13411,0-4-1,public
13412,1-9-4,private
13413,0-9-4,private
13414,0-5-2,private
13415,1-7-2,private
13416,1-1-4,private
13417,0-7-2,private
13418,1-5-1,private
13419,0-7-4,private
13420,1-5-3,private
13421,0-8-0,public
13422,0-5-2,private
13423,1-5-0,public
13424,1-5-2,private
13425,0-5-0,public
13426,0-9-4,private
13427,1-8-2,private
13428,0-4-0,private
13429,1-5-2,public
13430,0-5-3,public
13431,1-8-2,public
13432,1-6-3,public
13433,1-8-1,private
13434,1-8-4,private
13435,0-7-1,public
13436,1-7-1,private
13437,1-8-2,private
13438,0-9-4,private
13439,1-4-1,public
13440,1-9-1,private
13441,1-8-4,public
13442,1-8-3,private
13443,0-9-0,private
13444,1-9-1,public
13445,0-8-0,private
13446,0-8-1,public
13447,0-5-4,private
13448,1-8-1,private
13449,1-8-3,private
13450,0-7-0,private
13451,0-7-2,public
13452,1-5-2,private
13453,0-8-0,private
13454,0-8-1,private
13455,0-9-1,private
13456,0-7-0,public
13457,1-8-1,private
13458,0-8-0,public
13459,0-7-0,private
13460,1-8-1,private
13461,1-8-4,private
13462,1-8-1,private
13463,0-9-4,private
13464,1-5-4,public
13465,1-5-4,private
13466,1-8-4,public
13467,1-8-2,public
13468,1-8-2,public
13469,1-8-4,private
13470,0-9-4,private
13471,0-7-2,public
13472,0-5-1,public
13473,1-8-3,private
13474,1-8-4,private
13475,1-7-0,public
13476,1-5-3,public
13477,0-8-1,private
13478,1-7-1,private
13479,1-8-2,private
13480,0-7-0,private
13481,1-9-1,private
13482,1-8-4,private
13483,1-9-1,private
13484,1-6-1,public
13485,1-7-3,private
13486,0-7-0,private
13487,0-9-0,private
13488,1-7-3,public
13489,1-5-0,public
13490,0-4-1,private
13491,0-8-3,private
13492,0-6-2,public
13493,0-7-3,private
13494,0-5-1,private
13495,1-7-0,public
13496,1-5-1,public
13497,1-5-2,private
13498,0-8-4,private
13499,0-8-2,private
13500,0-7-3,private
13501,1-8-3,private
13502,1-8-4,private
13503,0-5-1,private
13504,1-8-1,private
13505,1-5-3,public
13506,0-9-3,private
13507,1-7-4,public
13508,0-6-0,public
13509,1-9-1,private
13510,1-5-4,private
13511,1-7-2,private
13512,0-9-1,public
13513,0-8-1,private
13514,0-9-2,private
13515,1-8-0,private
13516,1-9-2,public
13517,1-8-1,private
13518,0-8-4,public
13519,1-8-1,public
13520,1-5-0,public
13521,1-8-1,private
13522,1-8-1,private
13523,1-8-2,private
13524,0-5-3,private
13525,1-6-3,private
13526,1-8-0,public
13527,0-5-1,private
13528,1-7-3,public
13529,1-5-1,private
13530,0-8-4,private
13531,1-3-3,public
13532,0-8-2,private
13533,0-7-1,private
13534,1-7-2,private
13535,0-8-3,public
13536,1-8-1,public
13537,0-5-1,private
13538,1-8-2,private
13539,1-8-1,private
13540,1-6-1,public
13541,0-8-2,private
13542,0-7-0,private
13543,1-8-1,private
13544,1-9-3,public
13545,0-8-0,private
13546,0-8-2,public
13547,1-9-0,private
13548,1-8-2,public
13549,0-8-4,private
13550,0-7-4,private
13551,0-8-0,private
13552,0-8-2,private
13553,0-8-4,private
13554,1-8-2,private
13555,0-4-3,public
13556,0-6-2,private
13557,1-5-0,public
13558,0-6-0,public
13559,0-5-0,private
13560,0-7-2,private
13561,1-7-4,private
13562,1-7-2,public
13563,1-8-1,public
13564,0-8-1,public
13565,0-7-2,public
13566,1-5-4,public
13567,1-9-4,private
13568,0-4-2,private
13569,0-6-2,private
13570,0-7-3,private
13571,1-8-4,public
13572,1-8-0,public
13573,1-8-1,public
13574,0-8-4,private
13575,0-7-2,public
13576,1-3-3,public
13577,0-4-0,private
13578,0-8-1,private
13579,0-8-2,private
13580,1-5-3,private
13581,0-8-1,public
13582,0-8-1,private
13583,0-5-0,public
13584,0-9-3,public
13585,0-7-3,private
13586,0-8-4,private
13587,0-7-2,private
13588,0-8-4,public
13589,1-9-2,private
13590,1-8-4,private
13591,1-8-3,public
13592,0-6-1,public
13593,0-7-1,private
13594,1-8-1,private
13595,0-9-4,public
13596,0-7-2,private
13597,1-6-2,private
13598,1-8-2,private
13599,0-9-0,private
13600,0-7-0,private
13601,1-5-0,private
13602,1-3-1,public
13603,1-7-3,public
13604,0-8-0,private
13605,1-6-0,public
13606,1-8-4,private
13607,1-8-1,private
13608,1-6-0,public
13609,0-9-2,public
13610,0-4-0,public
13611,1-6-2,private
13612,0-8-4,private
13613,0-8-2,private
13614,1-5-0,public
13615,0-8-2,private
13616,1-9-3,private
13617,0-8-1,public
13618,0-8-0,private
13619,0-5-3,private
13620,0-7-2,public
13621,0-9-1,private
13622,0-5-4,private
13623,1-7-1,private
13624,1-5-3,public
13625,0-8-3,public
13626,1-8-1,public
13627,0-8-1,public
13628,0-8-3,private
13629,0-7-0,private
13630,0-5-3,private
13631,0-8-4,private
13632,0-8-0,private
13633,0-8-1,private
13634,1-7-3,private
13635,1-4-0,private
13636,0-9-1,private
13637,0-7-4,public
13638,1-5-4,private
13639,1-5-3,private
13640,0-7-1,private
13641,0-8-3,private
13642,1-8-1,private
13643,1-8-0,private
13644,1-9-3,private
13645,0-7-0,private
13646,0-8-4,private
13647,0-7-3,private
13648,1-8-0,private
13649,1-5-2,private
13650,0-8-4,private
13651,0-6-2,private
13652,0-5-1,private
13653,1-8-3,private
13654,1-6-4,private
13655,1-8-4,private
13656,0-7-2,private
13657,1-8-0,private
13658,0-7-2,public
13659,1-8-3,public
13660,1-8-1,public
13661,0-5-4,private
13662,0-8-0,public
13663,1-5-3,private
13664,0-8-0,private
13665,0-7-4,private
13666,1-3-2,private
13667,1-6-3,public
13668,1-7-4,public
13669,1-8-1,private
13670,0-8-0,private
13671,1-9-4,private
13672,1-7-3,private
13673,0-4-1,public
13674,1-3-2,private
13675,1-7-0,private
13676,1-8-3,public
13677,1-8-3,public
13678,1-4-4,public
13679,1-9-2,public
13680,0-8-0,private
13681,1-9-2,private
13682,1-2-0,private
13683,1-7-3,private
13684,1-5-2,private
13685,0-8-4,public
13686,1-8-0,private
13687,1-9-2,public
13688,1-8-2,private
13689,1-9-4,public
13690,0-8-4,private
13691,0-5-3,private
13692,1-5-2,public
13693,0-4-3,private
13694,1-5-0,private
13695,1-7-4,private
13696,1-9-1,private
13697,0-8-3,public
13698,1-8-4,private
13699,1-8-3,public
13700,1-4-0,private
13701,1-8-2,public
13702,0-7-0,private
13703,1-8-2,private
13704,0-8-2,private
13705,1-4-3,private
13706,1-8-1,public
13707,0-7-4,private
13708,0-8-3,private
13709,0-8-0,private
13710,1-7-1,private
13711,0-9-3,public
13712,1-7-2,private
13713,0-8-1,private
13714,1-9-4,public
13715,1-3-3,private
13716,0-8-1,private
13717,0-7-3,public
13718,1-5-0,private
13719,0-8-4,private
13720,0-5-0,private
13721,0-8-3,private
13722,1-5-2,public
13723,0-9-4,private
13724,0-8-0,private
13725,1-4-4,public
13726,1-8-4,private
13727,0-5-2,public
13728,1-5-3,private
13729,1-9-3,private
13730,1-8-0,private
13731,1-8-3,private
13732,1-9-1,private
13733,1-7-3,private
13734,0-7-4,public
13735,0-8-2,public
13736,0-8-1,public
13737,0-9-3,public
13738,0-5-0,private
13739,1-9-2,private
13740,1-8-2,public
13741,1-7-0,public
13742,1-4-3,public
13743,1-5-4,public
13744,0-8-4,private
13745,1-9-0,private
13746,1-8-0,private
13747,0-8-2,private
13748,0-8-1,private
13749,0-6-1,private
13750,1-6-1,private
13751,1-8-0,private
13752,1-5-3,private
13753,1-5-2,public
13754,0-8-0,private
13755,0-8-0,private
13756,1-8-2,private
13757,1-7-1,private
13758,1-7-1,public
13759,1-8-3,private
13760,0-9-3,public
13761,1-8-0,private
13762,1-8-4,private
13763,1-9-1,private
13764,0-8-3,private
13765,1-8-4,private
13766,1-8-4,public
13767,1-8-0,private
13768,0-5-0,private
13769,0-8-1,private
13770,1-8-2,public
13771,0-8-4,private
13772,1-0-1,public
13773,1-8-4,public
13774,0-7-0,private
13775,1-7-4,private
13776,1-5-2,private
13777,0-7-2,private
13778,1-8-1,private
13779,0-8-4,public
13780,0-7-0,private
13781,0-7-3,private
13782,0-7-4,private
13783,1-8-1,private
13784,0-8-3,private
13785,1-8-1,public
13786,0-5-2,private
13787,1-7-3,public
13788,1-5-0,public
13789,0-8-3,private
13790,1-8-1,private
13791,0-3-2,private
13792,0-5-0,private
13793,0-5-1,private
13794,1-9-2,private
13795,1-6-3,private
13796,0-8-1,private
13797,1-8-0,private
13798,0-7-1,private
13799,1-7-0,private
13800,1-5-2,private
13801,0-8-2,private
13802,0-8-2,public
13803,0-7-2,private
13804,1-7-2,private
13805,1-8-4,private
13806,0-9-0,private
13807,0-8-3,private
13808,1-7-1,private
13809,0-7-2,private
13810,0-8-0,public
13811,1-9-2,public
13812,0-5-0,public
13813,0-8-0,private
13814,0-7-1,private
13815,0-9-3,private
13816,1-7-1,private
13817,1-5-1,public
13818,0-7-0,private
13819,1-9-1,private
13820,1-9-1,private
13821,1-7-1,public
13822,0-9-1,private
13823,0-8-4,private
13824,0-6-0,public
13825,1-6-4,private
13826,1-8-4,public
13827,0-3-3,private
13828,0-8-2,private
13829,1-3-1,private
13830,1-8-3,public
13831,0-8-3,private
13832,1-6-0,private
13833,0-8-4,public
13834,1-8-1,private
13835,0-5-2,public
13836,1-7-0,private
13837,0-7-3,private
13838,0-8-4,private
13839,1-8-0,private
13840,0-7-1,public
13841,0-8-1,private
13842,0-8-2,private
13843,0-9-1,private
13844,0-8-2,private
13845,1-8-2,private
13846,1-7-2,public
13847,1-6-2,private
13848,1-8-2,private
13849,0-3-2,private
13850,1-9-0,public
13851,0-7-1,public
13852,1-8-1,private
13853,1-8-1,private
13854,1-8-4,private
13855,0-5-0,private
13856,0-5-3,public
13857,0-8-4,public
13858,0-6-1,private
13859,1-8-1,private
13860,0-5-1,private
13861,1-6-1,public
13862,0-8-2,private
13863,1-7-1,public
13864,1-5-1,public
13865,0-7-0,private
13866,0-8-2,private
13867,0-7-3,public
13868,0-5-0,public
13869,0-7-2,private
13870,1-7-1,private
13871,1-6-2,private
13872,0-8-1,public
13873,1-5-1,public
13874,0-8-2,public
13875,1-8-0,private
13876,1-7-2,private
13877,1-6-4,public
13878,0-8-2,private
13879,1-5-2,private
13880,0-7-4,public
13881,1-5-3,private
13882,0-7-3,private
13883,1-8-1,private
13884,0-7-3,public
13885,0-6-3,public
13886,1-8-2,private
13887,0-5-4,public
13888,1-7-4,private
13889,0-4-1,public
13890,0-7-1,public
13891,1-9-3,private
13892,1-9-2,private
13893,0-8-2,private
13894,1-8-4,private
13895,0-7-1,public
13896,0-9-1,private
13897,1-8-1,private
13898,0-5-3,private
13899,0-8-2,public
13900,0-6-2,public
13901,1-8-1,private
13902,0-8-1,private
13903,1-8-1,private
13904,1-8-0,public
13905,0-7-3,private
13906,0-9-1,public
13907,0-3-3,private
13908,0-8-4,private
13909,0-7-2,private
13910,0-7-3,private
13911,1-7-3,private
13912,0-4-0,private
13913,1-8-0,private
13914,0-8-4,public
13915,1-7-1,public
13916,1-5-1,public
13917,0-3-2,private
13918,1-8-4,private
13919,1-8-2,private
13920,0-5-0,private
13921,0-7-4,private
13922,0-7-0,private
13923,1-9-2,private
13924,1-8-1,private
13925,1-7-3,private
13926,0-7-2,private
13927,1-9-3,private
13928,1-8-2,public
13929,0-8-1,public
13930,0-8-0,private
13931,1-7-4,private
13932,0-6-2,private
13933,1-8-0,private
13934,0-5-0,public
13935,0-7-4,public
13936,0-5-1,private
13937,0-8-0,private
13938,0-2-3,public
13939,0-9-1,private
13940,0-7-4,public
13941,1-9-0,private
13942,1-8-1,private
13943,1-9-3,private
13944,0-5-0,public
13945,1-6-3,public
13946,1-4-0,private
13947,1-7-1,public
13948,1-3-4,private
13949,1-7-3,private
13950,0-5-3,private
13951,1-8-0,public
13952,0-4-4,private
13953,0-8-1,private
13954,0-6-2,public
13955,0-8-1,public
13956,1-5-4,private
13957,0-8-2,private
13958,0-5-2,private
13959,1-9-0,private
13960,1-6-4,public
13961,1-5-1,private
13962,1-7-3,public
13963,1-7-2,private
13964,1-7-2,private
13965,0-5-1,private
13966,1-8-3,private
13967,0-9-2,private
13968,1-3-2,public
13969,0-9-4,private
13970,0-8-2,public
13971,1-8-1,private
13972,0-3-2,private
13973,0-5-4,public
13974,0-7-0,private
13975,1-7-4,public
13976,0-9-0,private
13977,0-5-1,private
13978,1-8-3,private
13979,1-9-0,private
13980,0-8-0,private
13981,1-8-4,private
13982,1-5-1,public
13983,0-3-4,private
13984,0-8-4,public
13985,1-8-2,private
13986,1-8-2,private
13987,0-8-0,private
13988,0-9-4,private
13989,0-6-4,public
13990,0-8-2,private
13991,1-8-0,private
13992,1-8-3,private
13993,1-9-3,public
13994,0-5-4,private
13995,0-5-4,private
13996,0-3-2,private
13997,1-5-3,private
13998,0-7-1,private
13999,0-6-1,private
14000,0-8-0,private
14001,1-6-1,private
14002,0-5-0,private
14003,0-3-1,public
14004,1-7-1,private
14005,0-4-1,private
14006,0-3-2,private
14007,1-8-4,public
14008,0-8-2,private
14009,0-6-4,private
14010,1-9-2,public
14011,1-4-0,public
14012,1-5-3,private
14013,0-8-4,public
14014,0-8-0,private
14015,1-8-0,public
14016,0-5-2,public
14017,0-6-2,public
14018,1-4-3,public
14019,1-7-3,private
14020,0-5-3,public
14021,0-7-0,private
14022,1-8-2,public
14023,0-5-3,private
14024,1-8-3,private
14025,0-7-1,private
14026,1-8-3,private
14027,1-4-2,private
14028,1-6-2,private
14029,1-8-0,public
14030,1-8-3,private
14031,0-8-2,private
14032,1-7-3,private
14033,1-8-1,public
14034,0-7-2,private
14035,1-5-4,public
14036,1-4-4,private
14037,0-8-0,public
14038,0-7-3,private
14039,1-3-1,private
14040,0-8-3,private
14041,0-8-2,private
14042,1-7-4,private
14043,0-7-0,private
14044,1-7-4,public
14045,0-6-2,private
14046,1-8-3,private
14047,1-7-4,public
14048,0-5-0,public
14049,1-8-2,private
14050,0-6-4,private
14051,1-9-0,private
14052,1-8-4,private
14053,1-9-4,private
14054,1-7-1,public
14055,0-8-2,private
14056,0-9-4,private
14057,1-8-2,public
14058,1-8-4,private
14059,1-9-1,private
14060,1-9-1,private
14061,0-9-4,private
14062,1-5-0,private
14063,0-8-0,private
14064,0-8-3,private
14065,0-7-1,private
14066,0-4-0,private
14067,0-4-2,private
14068,1-4-2,private
14069,0-7-1,private
14070,0-8-3,private
14071,0-7-4,private
14072,1-5-4,public
14073,0-9-4,public
14074,1-3-0,private
14075,0-8-2,private
14076,0-8-3,public
14077,1-5-2,public
14078,1-7-3,private
14079,0-8-3,public
14080,0-8-4,private
14081,1-8-2,private
14082,1-8-0,public
14083,1-8-4,private
14084,0-7-3,private
14085,1-4-2,public
14086,1-6-4,private
14087,1-8-3,private
14088,0-8-1,private
14089,0-8-0,private
14090,0-5-4,private
14091,0-9-3,private
14092,1-5-4,public
14093,1-5-1,private
14094,0-8-1,private
14095,0-7-3,private
14096,1-9-4,private
14097,0-9-0,private
14098,1-3-1,private
14099,0-5-0,public
14100,0-4-4,private
14101,1-4-1,private
14102,1-8-3,private
14103,0-8-1,public
14104,1-9-2,private
14105,1-3-4,private
14106,1-7-1,private
14107,0-9-2,public
14108,0-8-2,private
14109,1-5-1,private
14110,1-9-3,private
14111,1-8-2,private
14112,1-7-1,private
14113,1-9-0,private
14114,0-8-4,private
14115,0-8-1,private
14116,0-8-3,public
14117,1-3-2,private
14118,1-5-1,public
14119,1-7-4,private
14120,0-8-2,public
14121,1-8-3,private
14122,0-7-4,private
14123,1-8-2,private
14124,1-8-0,public
14125,0-5-0,private
14126,0-3-2,private
14127,1-8-3,private
14128,1-6-3,private
14129,0-7-3,private
14130,0-6-2,private
14131,0-9-1,private
14132,0-9-3,public
14133,0-8-0,private
14134,1-5-3,public
14135,0-8-3,private
14136,1-8-2,public
14137,0-8-4,private
14138,0-7-2,public
14139,1-8-3,private
14140,0-5-0,private
14141,0-7-0,public
14142,1-8-3,private
14143,1-7-4,public
14144,1-5-3,private
14145,0-7-3,public
14146,0-8-2,public
14147,0-7-0,private
14148,0-5-3,private
14149,1-8-0,public
14150,0-8-0,private
14151,1-5-3,public
14152,0-5-3,private
14153,0-8-1,private
14154,1-5-3,private
14155,1-8-3,private
14156,0-8-3,private
14157,1-9-1,private
14158,0-5-3,private
14159,1-9-3,private
14160,0-5-3,public
14161,1-8-1,public
14162,0-7-3,private
14163,0-5-4,private
14164,1-9-0,private
14165,1-7-3,private
14166,0-8-1,private
14167,0-3-4,public
14168,0-5-2,public
14169,0-8-0,private
14170,0-8-2,private
14171,1-8-4,private
14172,1-4-1,private
14173,0-5-4,public
14174,1-5-2,private
14175,0-8-3,private
14176,1-9-4,public
14177,0-7-4,private
14178,1-9-3,private
14179,0-7-2,private
14180,1-7-4,private
14181,0-3-4,public
14182,1-7-4,private
14183,0-8-2,public
14184,1-9-2,private
14185,1-7-3,private
14186,1-7-0,private
14187,0-8-3,private
14188,1-5-2,private
14189,1-7-3,private
14190,1-7-0,public
14191,1-9-1,public
14192,0-9-3,private
14193,0-7-2,private
14194,0-9-3,private
14195,1-5-3,public
14196,1-8-3,private
14197,0-7-2,private
14198,1-9-2,public
14199,1-7-2,private
14200,0-8-0,public
14201,1-8-3,private
14202,1-8-2,private
14203,1-9-1,private
14204,1-5-3,private
14205,1-7-4,private
14206,1-8-4,private
14207,0-9-0,private
14208,1-5-3,private
14209,0-8-2,public
14210,1-8-2,public
14211,1-7-4,private
14212,0-8-2,private
14213,0-8-0,private
14214,0-9-0,public
14215,0-7-3,public
14216,0-8-4,private
14217,1-8-4,public
14218,1-6-2,private
14219,0-7-2,private
14220,1-7-1,private
14221,1-8-1,private
14222,0-5-2,public
14223,1-6-4,public
14224,0-9-0,private
14225,1-7-1,private
14226,1-7-0,private
14227,1-8-0,private
14228,1-8-1,private
14229,0-8-2,private
14230,0-8-1,private
14231,1-7-3,private
14232,0-8-1,private
14233,1-7-0,private
14234,1-9-0,private
14235,1-8-4,public
14236,0-8-2,private
14237,0-3-4,private
14238,1-4-3,private
14239,0-8-3,private
14240,1-8-3,private
14241,1-8-1,public
14242,0-9-2,private
14243,1-5-3,public
14244,1-8-4,public
14245,0-9-4,private
14246,0-4-2,private
14247,1-8-4,private
14248,0-8-1,private
14249,1-8-1,private
14250,0-3-4,private
14251,0-7-1,private
14252,1-5-0,public
14253,1-8-2,private
14254,0-5-4,private
14255,0-8-2,private
14256,1-7-0,public
14257,0-9-3,private
14258,1-8-0,private
14259,0-6-4,public
14260,1-8-1,private
14261,1-8-3,public
14262,1-8-0,private
14263,0-3-4,private
14264,0-8-0,private
14265,0-5-0,private
14266,0-5-2,private
14267,1-5-0,private
14268,1-8-4,private
14269,1-4-4,private
14270,1-9-0,private
14271,0-8-3,private
14272,0-7-3,private
14273,1-6-4,public
14274,1-9-0,private
14275,0-7-3,private
14276,0-6-2,private
14277,0-4-3,private
14278,1-7-1,private
14279,0-7-2,public
14280,1-8-1,private
14281,1-9-1,private
14282,0-6-4,private
14283,0-7-0,private
14284,0-5-4,private
14285,1-9-3,private
14286,1-9-0,private
14287,1-6-4,public
14288,1-8-1,private
14289,0-8-4,private
14290,0-8-0,private
14291,0-8-4,public
14292,1-8-4,private
14293,0-8-0,public
14294,0-8-0,private
14295,0-7-2,private
14296,0-8-3,private
14297,0-5-2,private
14298,1-5-2,private
14299,1-3-1,public
14300,0-5-0,private
14301,0-8-0,private
14302,1-6-1,private
14303,0-7-1,private
14304,1-7-0,private
14305,0-5-1,private
14306,0-5-3,public
14307,1-8-1,private
14308,0-8-0,public
14309,1-8-4,private
14310,0-7-3,public
14311,0-7-2,private
14312,1-5-4,private
14313,0-9-0,public
14314,0-7-2,public
14315,1-9-4,private
14316,1-8-1,private
14317,0-5-3,private
14318,1-5-1,private
14319,1-8-1,public
14320,0-8-4,public
14321,0-3-3,public
14322,1-9-2,private
14323,0-5-3,private
14324,1-6-3,public
14325,1-6-4,private
14326,0-9-2,public
14327,0-6-2,private
14328,1-8-1,public
14329,0-7-0,public
14330,0-8-1,private
14331,1-7-2,private
14332,1-9-0,private
14333,0-5-3,private
14334,1-4-1,private
14335,0-8-2,private
14336,0-8-3,private
14337,1-3-2,public
14338,0-8-0,public
14339,0-8-2,private
14340,1-8-1,private
14341,1-5-2,private
14342,0-7-1,private
14343,1-8-1,private
14344,1-8-0,public
14345,1-8-0,private
14346,0-8-2,public
14347,0-8-0,public
14348,1-9-3,private
14349,1-7-3,private
14350,1-5-2,private
14351,1-7-0,public
14352,1-3-3,public
14353,0-8-0,private
14354,1-4-3,private
14355,0-8-2,public
14356,0-8-1,private
14357,1-5-1,private
14358,0-7-3,public
14359,1-9-2,public
14360,1-8-3,public
14361,1-7-2,public
14362,0-3-4,private
14363,0-5-2,private
14364,0-7-2,private
14365,1-9-2,public
14366,0-7-0,public
14367,0-9-0,private
14368,0-8-4,private
14369,1-7-0,private
14370,1-9-1,private
14371,0-8-0,private
14372,0-8-2,private
14373,0-7-1,private
14374,1-9-2,private
14375,1-7-0,private
14376,1-7-4,public
14377,0-8-0,public
14378,1-7-0,private
14379,1-7-1,private
14380,0-3-1,private
14381,1-8-4,private
14382,1-8-2,private
14383,0-6-1,public
14384,0-9-1,private
14385,0-9-3,private
14386,0-9-4,public
14387,0-5-0,private
14388,0-7-3,private
14389,1-8-0,private
14390,1-8-2,private
14391,1-4-2,private
14392,0-3-3,public
14393,0-8-1,public
14394,0-7-0,public
14395,1-8-1,private
14396,1-8-0,public
14397,0-7-2,private
14398,0-8-3,private
14399,1-8-2,private
14400,0-3-0,private
14401,0-3-2,private
14402,1-8-3,private
14403,0-5-4,private
14404,1-9-1,private
14405,0-8-3,private
14406,1-6-4,private
14407,0-8-0,public
14408,0-8-0,private
14409,0-5-3,private
14410,0-9-3,private
14411,0-8-4,private
14412,1-8-4,public
14413,1-8-1,private
14414,1-9-2,private
14415,1-5-0,private
14416,0-6-0,public
14417,1-8-2,private
14418,1-8-0,private
14419,0-7-1,private
14420,0-7-1,private
14421,0-4-3,private
14422,1-8-4,private
14423,0-8-0,private
14424,1-5-0,private
14425,0-8-4,public
14426,1-8-2,private
14427,0-8-3,public
14428,0-8-3,public
14429,1-7-1,private
14430,1-9-4,private
14431,0-8-4,private
14432,0-8-3,public
14433,0-7-2,public
14434,1-8-3,private
14435,1-9-0,public
14436,0-9-3,private
14437,0-9-0,private
14438,0-5-3,public
14439,0-8-2,private
14440,1-6-4,public
14441,1-9-3,private
14442,0-7-3,private
14443,0-8-2,public
14444,1-8-4,public
14445,0-8-3,private
14446,0-8-1,public
14447,0-5-1,private
14448,1-5-3,public
14449,0-8-3,private
14450,1-5-3,private
14451,0-4-0,private
14452,0-7-1,public
14453,1-8-0,private
14454,1-8-4,private
14455,1-8-1,private
14456,1-8-3,private
14457,1-9-4,private
14458,1-8-4,private
14459,1-6-2,private
14460,0-7-4,public
14461,1-8-3,public
14462,0-5-3,public
14463,0-8-3,public
14464,1-8-4,private
14465,1-7-4,private
14466,0-9-4,private
14467,1-8-2,private
14468,0-9-3,private
14469,0-8-1,private
14470,0-8-0,private
14471,1-8-1,private
14472,0-8-3,private
14473,0-8-1,private
14474,0-7-4,public
14475,0-7-4,private
14476,1-7-1,public
14477,0-8-0,private
14478,1-4-1,private
14479,1-9-2,private
14480,1-7-1,private
14481,0-5-0,private
14482,0-9-1,private
14483,1-7-2,private
14484,1-5-0,public
14485,0-7-2,private
14486,1-8-2,public
14487,0-6-3,private
14488,1-8-2,public
14489,1-8-2,private
14490,1-7-4,private
14491,0-9-4,public
14492,1-8-4,private
14493,1-8-0,public
14494,0-8-2,public
14495,0-3-0,private
14496,0-9-0,private
14497,0-8-4,private
14498,0-8-1,private
14499,0-5-0,private
14500,0-8-3,private
14501,1-7-3,private
14502,0-8-2,private
14503,0-8-1,public
14504,0-9-3,private
14505,0-9-2,private
14506,0-8-3,private
14507,0-7-3,private
14508,1-9-2,private
14509,0-6-3,private
14510,1-9-1,private
14511,1-9-4,public
14512,0-3-1,private
14513,1-7-3,private
14514,0-8-4,private
14515,0-7-0,private
14516,0-8-4,private
14517,1-8-1,private
14518,1-8-3,private
14519,0-8-4,public
14520,1-6-4,private
14521,0-8-3,private
14522,0-7-1,public
14523,1-8-2,private
14524,1-9-1,private
14525,1-5-2,public
14526,1-5-1,private
14527,0-8-0,private
14528,1-7-2,private
14529,0-9-3,private
14530,0-8-3,public
14531,0-8-1,private
14532,0-8-0,private
14533,0-7-0,public
14534,0-7-1,private
14535,0-7-1,public
14536,0-7-3,public
14537,0-7-0,public
14538,0-8-2,private
14539,0-9-1,private
14540,1-8-3,private
14541,1-8-3,private
14542,1-8-2,public
14543,1-9-1,private
14544,0-9-4,private
14545,1-8-2,public
14546,1-7-0,private
14547,1-7-4,private
14548,0-3-3,private
14549,0-8-1,private
14550,1-8-1,private
14551,0-8-4,private
14552,1-7-0,private
14553,1-7-4,private
14554,1-5-3,private
14555,1-5-0,private
14556,1-7-0,public
14557,1-9-1,private
14558,1-8-1,private
14559,1-8-4,private
14560,1-9-1,private
14561,0-9-1,private
14562,1-8-0,private
14563,1-7-2,private
14564,1-8-0,private
14565,0-7-2,public
14566,0-9-3,private
14567,0-9-0,private
14568,0-8-4,private
14569,0-7-1,private
14570,0-7-3,private
14571,0-8-4,private
14572,1-8-4,private
14573,0-8-3,private
14574,0-3-2,private
14575,1-5-3,private
14576,1-8-1,private
14577,1-8-4,public
14578,0-8-1,private
14579,1-8-0,public
14580,1-8-1,private
14581,0-8-0,public
14582,1-8-3,public
14583,0-8-2,public
14584,1-7-2,private
14585,0-8-1,private
14586,0-5-1,private
14587,1-7-2,public
14588,0-8-1,private
14589,1-8-0,private
14590,1-7-0,private
14591,0-9-3,public
14592,1-8-0,private
14593,0-5-0,public
14594,0-8-3,private
14595,0-9-1,private
14596,0-8-0,public
14597,0-7-0,public
14598,1-8-4,private
14599,1-9-0,private
14600,1-9-0,private
14601,0-9-3,private
14602,1-7-1,private
14603,1-4-1,private
14604,1-8-3,private
14605,1-8-3,public
14606,0-5-4,public
14607,0-4-4,private
14608,1-8-2,public
14609,0-9-2,private
14610,0-8-3,private
14611,1-8-2,private
14612,0-5-1,private
14613,1-9-1,public
14614,0-5-3,private
14615,1-7-0,private
14616,1-8-2,public
14617,0-7-2,private
14618,1-8-1,private
14619,1-7-1,public
14620,0-6-3,public
14621,0-8-3,private
14622,1-8-0,private
14623,0-5-3,private
14624,1-9-3,private
14625,0-8-1,private
14626,0-9-3,public
14627,0-8-4,private
14628,0-9-3,private
14629,1-9-0,private
14630,1-3-2,public
14631,0-5-1,public
14632,1-8-0,private
14633,0-8-3,public
14634,0-4-4,public
14635,1-5-2,private
14636,0-3-4,private
14637,0-6-2,private
14638,0-7-0,private
14639,0-8-0,private
14640,0-3-2,public
14641,0-8-1,private
14642,0-8-2,private
14643,1-8-1,public
14644,1-8-2,public
14645,0-9-3,public
14646,0-8-3,public
14647,0-8-2,private
14648,0-8-4,private
14649,1-9-4,public
14650,1-9-2,private
14651,0-8-0,private
14652,1-8-4,public
14653,1-8-1,private
14654,1-9-3,private
14655,0-7-2,private
14656,0-9-2,private
14657,1-8-1,private
14658,0-8-0,private
14659,1-6-3,private
14660,0-7-4,private
14661,0-8-1,private
14662,0-8-4,private
14663,0-8-1,private
14664,1-9-0,private
14665,0-8-4,private
14666,0-7-0,private
14667,0-8-3,private
14668,0-7-4,private
14669,0-6-2,private
14670,1-7-2,private
14671,1-9-4,public
14672,1-8-0,private
14673,1-8-0,private
14674,0-8-1,public
14675,1-9-1,private
14676,1-9-3,private
14677,1-7-3,public
14678,0-9-1,private
14679,1-8-4,public
14680,0-8-4,private
14681,0-5-1,private
14682,0-9-3,public
14683,0-8-4,private
14684,1-8-2,public
14685,1-7-4,private
14686,0-7-2,private
14687,1-8-3,private
14688,1-8-1,private
14689,0-5-3,public
14690,1-9-2,private
14691,0-8-3,public
14692,0-4-1,public
14693,0-7-0,private
14694,1-8-3,private
14695,1-7-2,private
14696,0-8-2,private
14697,0-8-2,private
14698,0-9-2,public
14699,0-6-2,public
14700,1-5-0,private
14701,0-7-0,private
14702,1-5-2,private
14703,0-8-3,private
14704,0-7-3,private
14705,0-3-3,private
14706,0-8-0,private
14707,0-8-1,private
14708,0-7-1,private
14709,1-9-4,private
14710,0-8-2,private
14711,1-8-4,private
14712,0-8-4,private
14713,0-8-4,private
14714,1-8-0,private
14715,1-8-3,private
14716,0-8-2,public
14717,0-8-0,private
14718,1-8-1,private
14719,0-7-1,private
14720,0-7-4,public
14721,1-8-0,public
14722,0-8-3,private
14723,0-7-4,public
14724,1-8-4,private
14725,1-7-2,private
14726,0-7-4,private
14727,1-7-0,private
14728,0-8-4,private
14729,1-8-2,private
14730,0-8-4,public
14731,0-7-2,private
14732,1-9-0,private
14733,0-5-2,public
14734,1-9-2,private
14735,1-8-0,private
14736,0-7-2,private
14737,1-8-2,private
14738,1-8-0,private
14739,0-8-4,private
14740,0-8-3,private
14741,1-8-3,private
14742,0-8-1,private
14743,1-9-1,public
14744,1-8-3,private
14745,0-7-1,public
14746,0-4-2,public
14747,1-8-4,private
14748,0-5-0,public
14749,1-8-0,private
14750,1-8-3,private
14751,1-3-0,private
14752,0-8-4,public
14753,0-5-1,private
14754,1-7-2,public
14755,1-8-0,public
14756,1-7-1,private
14757,0-8-2,private
14758,0-7-2,private
14759,1-5-2,private
14760,0-8-4,private
14761,0-8-1,public
14762,0-8-0,private
14763,1-5-2,private
14764,0-8-0,private
14765,1-9-3,public
14766,1-8-0,public
14767,1-8-3,private
14768,1-8-4,private
14769,1-7-2,private
14770,0-9-1,private
14771,1-8-4,private
14772,0-8-4,private
14773,1-7-4,private
14774,0-9-4,private
14775,1-8-2,private
14776,0-5-4,private
14777,0-7-3,private
14778,1-9-0,private
14779,0-8-1,public
14780,1-8-0,private
14781,1-6-2,public
14782,0-8-2,private
14783,1-8-3,public
14784,0-8-2,private
14785,1-5-4,private
14786,1-8-1,private
14787,0-8-1,private
14788,1-5-4,private
14789,0-8-4,public
14790,1-5-1,private
14791,1-8-4,public
14792,0-7-0,private
14793,0-7-2,public
14794,1-8-2,private
14795,1-2-4,private
14796,0-7-3,private
14797,1-8-1,public
14798,0-7-4,private
14799,1-9-4,private
14800,0-8-1,private
14801,1-7-1,private
14802,0-9-0,private
14803,1-8-4,private
14804,0-8-3,private
14805,0-7-0,public
14806,1-8-1,private
14807,1-9-1,private
14808,1-8-1,private
14809,0-8-0,private
14810,1-9-4,private
14811,0-5-4,private
14812,1-8-0,private
14813,1-9-4,public
14814,0-5-2,public
14815,1-8-2,public
14816,0-7-1,public
14817,1-8-3,private
14818,1-8-0,private
14819,0-8-1,public
14820,1-3-3,private
14821,0-8-2,public
14822,0-8-3,private
14823,0-8-4,private
14824,0-8-3,private
14825,1-9-1,private
14826,0-5-1,public
14827,0-7-1,private
14828,1-8-2,private
14829,0-8-0,private
14830,1-8-4,private
14831,1-6-3,private
14832,1-9-0,private
14833,1-6-4,private
14834,0-7-0,private
14835,0-9-0,public
14836,1-4-2,private
14837,1-5-1,public
14838,1-9-3,private
14839,1-9-4,private
14840,1-5-1,private
14841,0-7-2,public
14842,0-8-1,private
14843,0-9-1,private
14844,0-7-2,public
14845,1-7-2,private
14846,1-8-4,private
14847,0-8-1,private
14848,1-5-3,private
14849,0-3-4,private
14850,1-8-2,private
14851,0-8-2,public
14852,1-8-3,private
14853,0-9-1,private
14854,0-8-2,private
14855,1-8-1,public
14856,1-9-3,private
14857,0-8-4,private
14858,0-8-1,private
14859,1-8-0,private
14860,0-5-3,private
14861,0-8-3,public
14862,0-5-3,private
14863,0-8-2,private
14864,0-8-0,private
14865,0-8-3,private
14866,0-3-4,private
14867,0-8-2,private
14868,1-9-2,public
14869,1-9-1,private
14870,1-8-1,private
14871,0-9-0,public
14872,1-7-4,private
14873,1-5-4,private
14874,1-8-2,private
14875,1-7-2,private
14876,0-7-4,public
14877,1-9-1,private
14878,0-8-2,public
14879,0-5-2,private
14880,1-6-0,private
14881,1-5-0,private
14882,1-8-2,public
14883,0-7-4,private
14884,1-9-1,private
14885,1-3-3,private
14886,1-4-3,private
14887,1-8-4,private
14888,1-8-4,public
14889,0-8-1,public
14890,1-8-1,private
14891,0-8-0,public
14892,0-8-0,private
14893,0-8-1,private
14894,1-8-0,private
14895,0-8-0,private
14896,0-8-0,private
14897,1-5-2,private
14898,1-8-2,public
14899,0-8-2,private
14900,0-8-0,private
14901,0-8-4,private
14902,1-8-1,private
14903,1-8-4,private
14904,1-8-2,public
14905,1-8-4,public
14906,0-6-4,public
14907,1-5-3,public
14908,1-7-2,private
14909,1-8-4,private
14910,0-8-1,public
14911,1-8-2,private
14912,1-8-2,private
14913,1-5-1,private
14914,0-4-3,public
14915,0-8-0,private
14916,1-9-4,private
14917,1-7-0,private
14918,1-5-3,public
14919,0-7-0,private
14920,0-8-0,private
14921,0-9-2,private
14922,1-8-3,private
14923,0-7-3,public
14924,0-8-1,public
14925,0-9-4,private
14926,0-8-1,public
14927,0-5-3,private
14928,1-8-1,private
14929,0-5-0,private
14930,0-7-0,private
14931,0-8-2,private
14932,1-8-1,public
14933,0-8-4,public
14934,1-7-2,private
14935,0-8-0,private
14936,1-5-2,private
14937,0-9-0,public
14938,0-5-0,private
14939,1-8-0,public
14940,0-8-4,public
14941,0-8-2,private
14942,1-5-3,private
14943,1-8-1,private
14944,1-7-0,private
14945,1-8-3,private
14946,1-4-1,public
14947,1-9-2,public
14948,0-8-3,private
14949,0-5-3,private
14950,0-8-4,private
14951,0-5-4,private
14952,1-9-1,private
14953,0-8-0,private
14954,1-9-2,public
14955,0-9-3,private
14956,1-8-2,private
14957,1-8-3,private
14958,1-8-4,private
14959,1-6-0,private
14960,1-6-0,public
14961,0-3-3,private
14962,0-8-2,private
14963,1-6-1,public
14964,0-6-4,private
14965,0-7-3,private
14966,1-8-2,public
14967,1-9-1,private
14968,1-8-4,private
14969,1-3-2,private
14970,1-8-2,public
14971,1-5-3,private
14972,1-9-3,private
14973,0-5-1,private
14974,0-8-0,private
14975,1-8-3,private
14976,0-8-0,private
14977,0-7-2,public
14978,0-7-4,private
14979,1-8-2,private
14980,0-4-0,private
14981,0-7-0,private
14982,0-7-4,private
14983,1-2-1,public
14984,0-7-2,public
14985,1-5-3,public
14986,1-6-1,private
14987,1-8-4,public
14988,0-8-3,private
14989,1-9-4,private
14990,1-8-1,public
14991,1-5-0,public
14992,1-8-1,private
14993,0-5-3,private
14994,1-8-0,private
14995,1-5-2,public
14996,1-5-1,private
14997,0-7-2,private
14998,1-8-4,private
14999,0-8-0,private
15000,1-8-2,private
15001,1-7-1,private
15002,0-8-2,public
15003,1-5-2,public
15004,1-8-4,public
15005,0-9-0,private
15006,0-3-3,private
15007,0-9-4,private
15008,0-3-2,private
15009,0-5-0,private
15010,1-8-2,public
15011,0-9-1,private
15012,0-8-2,private
15013,1-9-2,private
15014,1-8-1,private
15015,1-7-3,public
15016,1-8-2,public
15017,1-8-1,private
15018,1-8-3,public
15019,1-8-1,public
15020,0-8-0,public
15021,0-7-4,private
15022,0-7-2,public
15023,1-5-2,private
15024,0-8-1,private
15025,1-8-0,private
15026,0-1-1,public
15027,1-9-0,private
15028,0-8-2,public
15029,0-8-4,private
15030,0-8-3,private
15031,0-8-1,private
15032,0-8-2,public
15033,0-7-0,private
15034,1-8-1,public
15035,0-9-4,public
15036,0-9-0,private
15037,1-8-0,public
15038,0-8-4,public
15039,0-5-3,private
15040,1-7-4,private
15041,1-6-4,private
15042,1-4-1,private
15043,1-9-0,public
15044,0-9-1,private
15045,0-5-2,private
15046,0-8-2,private
15047,1-8-1,public
15048,1-3-0,private
15049,0-8-4,public
15050,1-9-2,private
15051,1-9-0,private
15052,0-8-2,private
15053,1-6-4,private
15054,0-7-3,private
15055,1-8-2,private
15056,1-8-2,private
15057,1-8-3,private
15058,1-8-2,private
15059,1-9-2,private
